<?xml version="1.0" encoding="UTF-8"?>
<preferences>
 <debug showDebugMenu="0" />
 <systemtable>
  <columns>
   <connections preferredWidth="127" />
   <irq preferredWidth="34" />
   <description preferredWidth="162" />
   <inputclock preferredWidth="37" />
   <export preferredWidth="102" />
  </columns>
 </systemtable>
 <clocktable>
  <columns>
   <clockname preferredWidth="330" />
   <clocksource preferredWidth="330" />
   <frequency preferredWidth="312" />
  </columns>
 </clocktable>
 <window width="1280" height="994" x="0" y="0" />
 <library
   expandedCategories="Project,Library/Peripherals/Debug and Performance,Library/Memories and Memory Controllers,Library,Library/Interface Protocols,Library/Interface Protocols/Serial,Library/Peripherals,Library/Peripherals/Microcontroller Peripherals" />
 <hdlexample language="VERILOG" />
</preferences>
