<?xml version="1.0" encoding="UTF-8"?>
<preferences>
 <debug showDebugMenu="0" />
 <systemtable>
  <columns>
   <connections preferredWidth="127" />
   <irq preferredWidth="34" />
  </columns>
 </systemtable>
 <clocktable>
  <columns>
   <clockname preferredWidth="317" />
   <clocksource preferredWidth="316" />
   <frequency preferredWidth="297" />
  </columns>
 </clocktable>
 <window width="1280" height="994" x="0" y="0" />
 <library
   expandedCategories="Library/Peripherals,Project,Library/Interface Protocols,Library/Peripherals/Microcontroller Peripherals,Library/Microcontroller Peripherals,Library/Interface Protocols/Serial,Library/Peripherals/Debug and Performance,Library" />
 <hdlexample language="VERILOG" />
</preferences>
