<?xml version="1.0" ?>
<LOG_ROOT>
	<PROJECT NAME="pio_app">
		<CBX_INST_ENTRY INSTANCE_NAME="|pio_app_top|pio_qsys:inst|pio_qsys_jtag_uart:jtag_uart|pio_qsys_jtag_uart_scfifo_w:the_pio_qsys_jtag_uart_scfifo_w|scfifo:wfifo" CBX_FILE_NAME="scfifo_1n21.tdf"/>
		<CBX_INST_ENTRY INSTANCE_NAME="|pio_app_top|pio_qsys:inst|pio_qsys_nios2_qsys:nios2_qsys|pio_qsys_nios2_qsys_nios2_oci:the_pio_qsys_nios2_qsys_nios2_oci|pio_qsys_nios2_qsys_nios2_oci_im:the_pio_qsys_nios2_qsys_nios2_oci_im|pio_qsys_nios2_qsys_traceram_lpm_dram_bdp_component_module:pio_qsys_nios2_qsys_traceram_lpm_dram_bdp_component|altsyncram:the_altsyncram" CBX_FILE_NAME="altsyncram_e502.tdf"/>
		<CBX_INST_ENTRY INSTANCE_NAME="|pio_app_top|pio_qsys:inst|pio_qsys_nios2_qsys:nios2_qsys|pio_qsys_nios2_qsys_nios2_oci:the_pio_qsys_nios2_qsys_nios2_oci|pio_qsys_nios2_qsys_nios2_ocimem:the_pio_qsys_nios2_qsys_nios2_ocimem|pio_qsys_nios2_qsys_ociram_lpm_dram_bdp_component_module:pio_qsys_nios2_qsys_ociram_lpm_dram_bdp_component|altsyncram:the_altsyncram" CBX_FILE_NAME="altsyncram_5m82.tdf"/>
		<CBX_INST_ENTRY INSTANCE_NAME="|pio_app_top|pio_qsys:inst|pio_qsys_nios2_qsys:nios2_qsys|pio_qsys_nios2_qsys_register_bank_a_module:pio_qsys_nios2_qsys_register_bank_a|altsyncram:the_altsyncram" CBX_FILE_NAME="altsyncram_bch1.tdf"/>
		<CBX_INST_ENTRY INSTANCE_NAME="|pio_app_top|pio_qsys:inst|pio_qsys_jtag_uart:jtag_uart|pio_qsys_jtag_uart_scfifo_r:the_pio_qsys_jtag_uart_scfifo_r|scfifo:rfifo" CBX_FILE_NAME="scfifo_1n21.tdf"/>
		<CBX_INST_ENTRY INSTANCE_NAME="|pio_app_top|pio_qsys:inst|pio_qsys_nios2_qsys:nios2_qsys|pio_qsys_nios2_qsys_mult_cell:the_pio_qsys_nios2_qsys_mult_cell|altmult_add:the_altmult_add_part_1" CBX_FILE_NAME="mult_add_4cr2.tdf"/>
		<CBX_INST_ENTRY INSTANCE_NAME="|pio_app_top|pio_qsys:inst|pio_qsys_onchip_memory:onchip_memory|altsyncram:the_altsyncram" CBX_FILE_NAME="altsyncram_unc1.tdf"/>
		<CBX_INST_ENTRY INSTANCE_NAME="|pio_app_top|pio_qsys:inst|pio_qsys_nios2_qsys:nios2_qsys|lpm_add_sub:Add8" CBX_FILE_NAME="add_sub_8ri.tdf"/>
		<CBX_INST_ENTRY INSTANCE_NAME="|pio_app_top|pio_qsys:inst|pio_qsys_nios2_qsys:nios2_qsys|pio_qsys_nios2_qsys_ic_data_module:pio_qsys_nios2_qsys_ic_data|altsyncram:the_altsyncram" CBX_FILE_NAME="altsyncram_qed1.tdf"/>
		<CBX_INST_ENTRY INSTANCE_NAME="|pio_app_top|pio_qsys:inst|pio_qsys_nios2_qsys:nios2_qsys|pio_qsys_nios2_qsys_ic_tag_module:pio_qsys_nios2_qsys_ic_tag|altsyncram:the_altsyncram" CBX_FILE_NAME="altsyncram_6mh1.tdf"/>
		<CBX_INST_ENTRY INSTANCE_NAME="|pio_app_top|pio_qsys:inst|pio_qsys_nios2_qsys:nios2_qsys|pio_qsys_nios2_qsys_mult_cell:the_pio_qsys_nios2_qsys_mult_cell|altmult_add:the_altmult_add_part_2" CBX_FILE_NAME="mult_add_6cr2.tdf"/>
		<CBX_INST_ENTRY INSTANCE_NAME="|pio_app_top|pio_qsys:inst|pio_qsys_nios2_qsys:nios2_qsys|pio_qsys_nios2_qsys_register_bank_b_module:pio_qsys_nios2_qsys_register_bank_b|altsyncram:the_altsyncram" CBX_FILE_NAME="altsyncram_cch1.tdf"/>
	</PROJECT>
</LOG_ROOT>
