<?xml version="1.0" encoding="UTF-8"?>
<preferences>
 <debug showDebugMenu="0" />
 <systemtable>
  <columns>
   <connections preferredWidth="30" />
   <irq preferredWidth="34" />
   <name preferredWidth="232" />
  </columns>
 </systemtable>
 <clocktable>
  <columns>
   <clockname preferredWidth="306" />
   <clocksource preferredWidth="306" />
   <frequency preferredWidth="287" />
  </columns>
 </clocktable>
 <window width="1280" height="994" x="0" y="0" />
 <library
   expandedCategories="Project,Library/Interface Protocols/Serial,Library/Memories and Memory Controllers/On-Chip,Library/Interface Protocols,Library/Memories and Memory Controllers,Library,Library/Peripherals/Microcontroller Peripherals,Library/Microcontroller Peripherals,Library/Peripherals" />
 <hdlexample language="VERILOG" />
</preferences>
