<?xml version="1.0" encoding="UTF-8"?>
<preferences>
 <debug showDebugMenu="0" />
 <systemtable>
  <columns>
   <connections preferredWidth="47" />
   <irq preferredWidth="34" />
   <name preferredWidth="163" />
   <export preferredWidth="100" />
   <endaddress preferredWidth="69" />
   <baseaddress preferredWidth="109" />
   <inputclock preferredWidth="47" />
  </columns>
 </systemtable>
 <clocktable>
  <columns>
   <clockname preferredWidth="292" />
   <clocksource preferredWidth="292" />
   <frequency preferredWidth="273" />
  </columns>
 </clocktable>
 <window width="1288" height="1002" x="-4" y="-4" />
 <library
   expandedCategories="Library/Memories and Memory Controllers/On-Chip,Library/Memories and Memory Controllers,Library/Interface Protocols/Serial,Library/Microcontroller Peripherals,Library,Library/Peripherals/Microcontroller Peripherals,Project,Library/Peripherals,Library/Interface Protocols" />
 <hdlexample language="VERILOG" />
</preferences>
