<?xml version="1.0" ?>
<LOG_ROOT>
	<PROJECT NAME="uart_app">
		<CBX_INST_ENTRY INSTANCE_NAME="|uart_qsys_top|uart_qsys:inst|uart_qsys_jtag_uart:jtag_uart|uart_qsys_jtag_uart_scfifo_r:the_uart_qsys_jtag_uart_scfifo_r|scfifo:rfifo" CBX_FILE_NAME="scfifo_1n21.tdf"/>
		<CBX_INST_ENTRY INSTANCE_NAME="|uart_qsys_top|uart_qsys:inst|uart_qsys_nios2_qsys:nios2_qsys|uart_qsys_nios2_qsys_mult_cell:the_uart_qsys_nios2_qsys_mult_cell|altmult_add:the_altmult_add_part_1" CBX_FILE_NAME="mult_add_4cr2.tdf"/>
		<CBX_INST_ENTRY INSTANCE_NAME="|uart_qsys_top|uart_qsys:inst|uart_qsys_onchip_memory:onchip_memory|altsyncram:the_altsyncram" CBX_FILE_NAME="altsyncram_ovc1.tdf"/>
		<CBX_INST_ENTRY INSTANCE_NAME="|uart_qsys_top|uart_qsys:inst|uart_qsys_jtag_uart:jtag_uart|uart_qsys_jtag_uart_scfifo_w:the_uart_qsys_jtag_uart_scfifo_w|scfifo:wfifo" CBX_FILE_NAME="scfifo_1n21.tdf"/>
		<CBX_INST_ENTRY INSTANCE_NAME="|uart_qsys_top|uart_qsys:inst|uart_qsys_nios2_qsys:nios2_qsys|lpm_add_sub:Add8" CBX_FILE_NAME="add_sub_8ri.tdf"/>
		<CBX_INST_ENTRY INSTANCE_NAME="|uart_qsys_top|uart_qsys:inst|uart_qsys_nios2_qsys:nios2_qsys|uart_qsys_nios2_qsys_ic_data_module:uart_qsys_nios2_qsys_ic_data|altsyncram:the_altsyncram" CBX_FILE_NAME="altsyncram_qed1.tdf"/>
		<CBX_INST_ENTRY INSTANCE_NAME="|uart_qsys_top|uart_qsys:inst|uart_qsys_nios2_qsys:nios2_qsys|uart_qsys_nios2_qsys_ic_tag_module:uart_qsys_nios2_qsys_ic_tag|altsyncram:the_altsyncram" CBX_FILE_NAME="altsyncram_qph1.tdf"/>
		<CBX_INST_ENTRY INSTANCE_NAME="|uart_qsys_top|uart_qsys:inst|uart_qsys_nios2_qsys:nios2_qsys|uart_qsys_nios2_qsys_mult_cell:the_uart_qsys_nios2_qsys_mult_cell|altmult_add:the_altmult_add_part_2" CBX_FILE_NAME="mult_add_6cr2.tdf"/>
		<CBX_INST_ENTRY INSTANCE_NAME="|uart_qsys_top|uart_qsys:inst|uart_qsys_nios2_qsys:nios2_qsys|uart_qsys_nios2_qsys_nios2_oci:the_uart_qsys_nios2_qsys_nios2_oci|uart_qsys_nios2_qsys_nios2_oci_im:the_uart_qsys_nios2_qsys_nios2_oci_im|uart_qsys_nios2_qsys_traceram_lpm_dram_bdp_component_module:uart_qsys_nios2_qsys_traceram_lpm_dram_bdp_component|altsyncram:the_altsyncram" CBX_FILE_NAME="altsyncram_e502.tdf"/>
		<CBX_INST_ENTRY INSTANCE_NAME="|uart_qsys_top|uart_qsys:inst|uart_qsys_nios2_qsys:nios2_qsys|uart_qsys_nios2_qsys_nios2_oci:the_uart_qsys_nios2_qsys_nios2_oci|uart_qsys_nios2_qsys_nios2_ocimem:the_uart_qsys_nios2_qsys_nios2_ocimem|uart_qsys_nios2_qsys_ociram_lpm_dram_bdp_component_module:uart_qsys_nios2_qsys_ociram_lpm_dram_bdp_component|altsyncram:the_altsyncram" CBX_FILE_NAME="altsyncram_pp82.tdf"/>
		<CBX_INST_ENTRY INSTANCE_NAME="|uart_qsys_top|uart_qsys:inst|uart_qsys_nios2_qsys:nios2_qsys|uart_qsys_nios2_qsys_register_bank_a_module:uart_qsys_nios2_qsys_register_bank_a|altsyncram:the_altsyncram" CBX_FILE_NAME="altsyncram_vfh1.tdf"/>
		<CBX_INST_ENTRY INSTANCE_NAME="|uart_qsys_top|uart_qsys:inst|uart_qsys_nios2_qsys:nios2_qsys|uart_qsys_nios2_qsys_register_bank_b_module:uart_qsys_nios2_qsys_register_bank_b|altsyncram:the_altsyncram" CBX_FILE_NAME="altsyncram_0gh1.tdf"/>
	</PROJECT>
</LOG_ROOT>
