<?xml version="1.0" encoding="UTF-8"?>
<preferences>
 <debug showDebugMenu="0" />
 <systemtable>
  <columns>
   <connections preferredWidth="47" />
   <irq preferredWidth="34" />
   <export preferredWidth="93" />
   <description preferredWidth="137" />
   <baseaddress preferredWidth="43" />
   <inputclock preferredWidth="46" />
   <endaddress preferredWidth="39" />
  </columns>
 </systemtable>
 <clocktable>
  <columns>
   <clockname preferredWidth="217" />
   <clocksource preferredWidth="240" />
   <frequency preferredWidth="434" />
  </columns>
 </clocktable>
 <window width="1288" height="1002" x="-4" y="-4" />
 <library
   expandedCategories="Project,Library/Peripherals,Library,Library/Microcontroller Peripherals" />
 <hdlexample language="VERILOG" />
 <generation path="_PROJECT_NAME_" block_symbol_file="1" />
</preferences>
