<?xml version="1.0" encoding="UTF-8"?>
<preferences>
 <debug showDebugMenu="0" />
 <systemtable>
  <columns>
   <connections preferredWidth="127" />
   <irq preferredWidth="34" />
   <export preferredWidth="105" />
   <inputclock preferredWidth="54" />
   <description preferredWidth="169" />
   <name preferredWidth="233" />
  </columns>
 </systemtable>
 <clocktable>
  <columns>
   <clockname preferredWidth="265" />
   <clocksource preferredWidth="265" />
   <frequency preferredWidth="246" />
  </columns>
 </clocktable>
 <window width="1084" height="930" x="43" y="-16" />
 <library
   expandedCategories="Library/Memories and Memory Controllers/External Memory Interfaces,Project,Library/Embedded Processors,Project/Display,Library/Peripherals,Library,Library/Interface Protocols,Library/Memories and Memory Controllers" />
 <hdlexample language="VERILOG" />
</preferences>
