<?xml version="1.0" ?>
<LOG_ROOT>
	<PROJECT NAME="spi_qsys">
		<CBX_INST_ENTRY INSTANCE_NAME="|spi_qsys_top|spi_qsys:inst|spi_qsys_epcs:epcs|altsyncram:the_boot_copier_rom" CBX_FILE_NAME="altsyncram_1741.tdf"/>
		<CBX_INST_ENTRY INSTANCE_NAME="|spi_qsys_top|spi_qsys:inst|spi_qsys_jtag_uart:jtag_uart|spi_qsys_jtag_uart_scfifo_r:the_spi_qsys_jtag_uart_scfifo_r|scfifo:rfifo" CBX_FILE_NAME="scfifo_1n21.tdf"/>
		<CBX_INST_ENTRY INSTANCE_NAME="|spi_qsys_top|spi_qsys:inst|spi_qsys_onchip_memory:onchip_memory|altsyncram:the_altsyncram" CBX_FILE_NAME="altsyncram_8sc1.tdf"/>
		<CBX_INST_ENTRY INSTANCE_NAME="|spi_qsys_top|spi_qsys:inst|spi_qsys_jtag_uart:jtag_uart|spi_qsys_jtag_uart_scfifo_w:the_spi_qsys_jtag_uart_scfifo_w|scfifo:wfifo" CBX_FILE_NAME="scfifo_1n21.tdf"/>
		<CBX_INST_ENTRY INSTANCE_NAME="|spi_qsys_top|spi_qsys:inst|spi_qsys_nios2_qsys:nios2_qsys|lpm_add_sub:Add8" CBX_FILE_NAME="add_sub_8ri.tdf"/>
		<CBX_INST_ENTRY INSTANCE_NAME="|spi_qsys_top|spi_qsys:inst|spi_qsys_nios2_qsys:nios2_qsys|spi_qsys_nios2_qsys_ic_data_module:spi_qsys_nios2_qsys_ic_data|altsyncram:the_altsyncram" CBX_FILE_NAME="altsyncram_c9d1.tdf"/>
		<CBX_INST_ENTRY INSTANCE_NAME="|spi_qsys_top|spi_qsys:inst|spi_qsys_nios2_qsys:nios2_qsys|spi_qsys_nios2_qsys_ic_tag_module:spi_qsys_nios2_qsys_ic_tag|altsyncram:the_altsyncram" CBX_FILE_NAME="altsyncram_8jh1.tdf"/>
		<CBX_INST_ENTRY INSTANCE_NAME="|spi_qsys_top|spi_qsys:inst|spi_qsys_nios2_qsys:nios2_qsys|spi_qsys_nios2_qsys_nios2_oci:the_spi_qsys_nios2_qsys_nios2_oci|spi_qsys_nios2_qsys_nios2_oci_im:the_spi_qsys_nios2_qsys_nios2_oci_im|spi_qsys_nios2_qsys_traceram_lpm_dram_bdp_component_module:spi_qsys_nios2_qsys_traceram_lpm_dram_bdp_component|altsyncram:the_altsyncram" CBX_FILE_NAME="altsyncram_e502.tdf"/>
		<CBX_INST_ENTRY INSTANCE_NAME="|spi_qsys_top|spi_qsys:inst|spi_qsys_nios2_qsys:nios2_qsys|spi_qsys_nios2_qsys_nios2_oci:the_spi_qsys_nios2_qsys_nios2_oci|spi_qsys_nios2_qsys_nios2_ocimem:the_spi_qsys_nios2_qsys_nios2_ocimem|spi_qsys_nios2_qsys_ociram_lpm_dram_bdp_component_module:spi_qsys_nios2_qsys_ociram_lpm_dram_bdp_component|altsyncram:the_altsyncram" CBX_FILE_NAME="altsyncram_9m82.tdf"/>
		<CBX_INST_ENTRY INSTANCE_NAME="|spi_qsys_top|spi_qsys:inst|spi_qsys_nios2_qsys:nios2_qsys|spi_qsys_nios2_qsys_register_bank_a_module:spi_qsys_nios2_qsys_register_bank_a|altsyncram:the_altsyncram" CBX_FILE_NAME="altsyncram_fch1.tdf"/>
		<CBX_INST_ENTRY INSTANCE_NAME="|spi_qsys_top|spi_qsys:inst|spi_qsys_nios2_qsys:nios2_qsys|spi_qsys_nios2_qsys_register_bank_b_module:spi_qsys_nios2_qsys_register_bank_b|altsyncram:the_altsyncram" CBX_FILE_NAME="altsyncram_gch1.tdf"/>
	</PROJECT>
</LOG_ROOT>
